Country_ID,"CO2 emissions",Kyoto_norm,Energy_cons/cap,"Num project"
Brazil,0.0622334,0,0.130388,0
China,0.227823,0,0.16552,0
Germany,0.263426,1,0.361101,6
Spain,0.169629,1,0.361101,20
USA,0.469743,0,0.734879,2
