,n_clusters,Silhouette Coefficient,Variance Ratio Criterion,Davides Bouldin score
k_means,5.0,0.4303334962146584,39927.76147663474,0.676886622840404
Agglomerative_clusstering,5.0,0.42916073213137523,36744.300095126586,0.6799022583895529
DBSCAN,11.0,0.2173191296205692,4126.136715890596,2.052352236659717
optics,4094.0,-0.047741133448819945,20.564874534477553,1.74942336018235
means_shift,84.0,0.5004486452111722,2319.9372192718924,0.5012511841106271
